{
  "train_loss": [
    2.7142135577770334,
    2.7080381754831095,
    2.70784706500905
  ],
  "val_loss": [
    2.6901620911515276,
    2.690419684285703,
    2.6905557590982188
  ],
  "epoch_times": [
    1809.2687101364136,
    1745.0830216407776,
    1736.177087545395
  ],
  "learning_rates": [
    0.0009755282581475768,
    0.0009045084971874736,
    0.0007938926261462366
  ]
}